quadID,species,year,treatment,cover,disturb,rowdif,minyear,maxyear
c108,PLER,1990,c,40,0,0,1990,21
c108,PLER,1991,c,5,4,1,1990,21
c108,PLER,1992,c,5,0,2,1990,21
c108,PLER,1993,c,2,0,3,1990,21
c108,PLER,1994,c,5,0,4,1990,21
c108,PLER,1995,c,5,0,5,1990,21
c108,PLER,1996,c,5,0,6,1990,21
c108,PLER,1997,c,10,0,7,1990,21
c108,PLER,1998,c,10,1,8,1990,21
c108,PLER,1999,c,2,0,9,1990,21
c108,PLER,2000,c,5,2,10,1990,21
c108,PLER,2001,c,10,0,11,1990,21
c108,PLER,2002,c,20,0,12,1990,21
c108,PLER,2003,c,10,1,13,1990,21
c108,PLER,2004,c,2,0,14,1990,21
c108,SIJU,1990,c,5,0,0,1990,21
c108,SIJU,1991,c,10,4,1,1990,21
c108,SIJU,1992,c,5,0,2,1990,21
c108,SIJU,1993,c,5,0,3,1990,21
c108,SIJU,1994,c,5,0,4,1990,21
c108,SIJU,1995,c,20,0,5,1990,21
c108,SIJU,1996,c,10,0,6,1990,21
c108,SIJU,1997,c,2,0,7,1990,21
c108,SIJU,1998,c,10,1,8,1990,21
c108,SIJU,1999,c,20,0,9,1990,21
c108,SIJU,2000,c,0,2,10,1990,21
c108,SIJU,2001,c,2,0,11,1990,21
c108,SIJU,2002,c,0,0,12,1990,21
c108,SIJU,2003,c,0,1,13,1990,21
c108,SIJU,2004,c,0,0,14,1990,21
c113,PLER,1999,c,10,0,0,1999,35
c113,PLER,2000,c,10,4,1,1999,35
c113,PLER,2001,c,20,0,2,1999,35
c113,PLER,2002,c,20,0,3,1999,35
c113,PLER,2003,c,20,0,4,1999,35
c113,PLER,2004,c,5,0,5,1999,35
c113,PLER,2005,c,5,0,6,1999,35
c113,PLER,2006,c,2,0,7,1999,35
c113,PLER,2007,c,2,0,8,1999,35
c113,PLER,2008,c,20,0,9,1999,35
c113,PLER,2009,c,30,0,10,1999,35
c113,PLER,2010,c,50,0,11,1999,35
c113,PLER,2011,c,10,2,12,1999,35
c113,PLER,2012,c,10,2,13,1999,35
c113,PLER,2013,c,10,0,14,1999,35
c113,PLER,2014,c,10,0,15,1999,35
c113,PLER,2015,c,40,0,16,1999,35
c113,PLER,2016,c,40,0,17,1999,35
c113,PLER,2017,c,30,0,18,1999,35
c113,PLER,2018,c,5,0,19,1999,35
c113,SIJU,1999,c,5,0,0,1999,35
c113,SIJU,2000,c,0,4,1,1999,35
c113,SIJU,2001,c,0,0,2,1999,35
c113,SIJU,2002,c,0,0,3,1999,35
c113,SIJU,2003,c,0,0,4,1999,35
c113,SIJU,2004,c,0,0,5,1999,35
c113,SIJU,2005,c,0,0,6,1999,35
c113,SIJU,2006,c,0,0,7,1999,35
c113,SIJU,2007,c,0,0,8,1999,35
c113,SIJU,2008,c,0,0,9,1999,35
c113,SIJU,2009,c,0,0,10,1999,35
c113,SIJU,2010,c,0,0,11,1999,35
c113,SIJU,2011,c,0,2,12,1999,35
c113,SIJU,2012,c,0,2,13,1999,35
c113,SIJU,2013,c,0,0,14,1999,35
c113,SIJU,2014,c,0,0,15,1999,35
c113,SIJU,2015,c,0,0,16,1999,35
c113,SIJU,2016,c,0,0,17,1999,35
c113,SIJU,2017,c,2,0,18,1999,35
c113,SIJU,2018,c,2,0,19,1999,35
c115,PLER,1988,c,30,0,0,1988,26
c115,PLER,1989,c,20,4,1,1988,26
c115,PLER,1990,c,30,0,2,1988,26
c115,PLER,1991,c,5,0,3,1988,26
c115,PLER,1992,c,10,0,4,1988,26
c115,PLER,1993,c,2,0,5,1988,26
c115,PLER,1994,c,5,0,6,1988,26
c115,PLER,1995,c,10,0,7,1988,26
c115,PLER,1996,c,10,0,8,1988,26
c115,PLER,1997,c,20,0,9,1988,26
c115,PLER,1998,c,30,0,10,1988,26
c115,PLER,1999,c,2,0,11,1988,26
c115,PLER,2000,c,10,0,12,1988,26
c115,PLER,2001,c,20,0,13,1988,26
c115,PLER,2002,c,5,0,14,1988,26
c115,PLER,2003,c,2,0,15,1988,26
c115,PLER,2004,c,0,0,16,1988,26
c115,PLER,2005,c,0,0,17,1988,26
c115,PLER,2006,c,2,3,18,1988,26
c115,PLER,2007,c,5,3,19,1988,26
c115,PLER,2008,c,10,1,20,1988,26
c115,PLER,2009,c,40,0,21,1988,26
c115,SIJU,1988,c,5,0,0,1988,26
c115,SIJU,1989,c,2,4,1,1988,26
c115,SIJU,1990,c,10,0,2,1988,26
c115,SIJU,1991,c,20,0,3,1988,26
c115,SIJU,1992,c,20,0,4,1988,26
c115,SIJU,1993,c,10,0,5,1988,26
c115,SIJU,1994,c,10,0,6,1988,26
c115,SIJU,1995,c,20,0,7,1988,26
c115,SIJU,1996,c,20,0,8,1988,26
c115,SIJU,1997,c,10,0,9,1988,26
c115,SIJU,1998,c,5,0,10,1988,26
c115,SIJU,1999,c,20,0,11,1988,26
c115,SIJU,2000,c,0,0,12,1988,26
c115,SIJU,2001,c,0,0,13,1988,26
c115,SIJU,2002,c,5,0,14,1988,26
c115,SIJU,2003,c,0,0,15,1988,26
c115,SIJU,2004,c,0,0,16,1988,26
c115,SIJU,2005,c,0,0,17,1988,26
c115,SIJU,2006,c,1,3,18,1988,26
c115,SIJU,2007,c,1,3,19,1988,26
c115,SIJU,2008,c,0,1,20,1988,26
c115,SIJU,2009,c,0,0,21,1988,26
c120,PLER,1999,c,10,0,0,1999,35
c120,PLER,2000,c,30,4,1,1999,35
c120,PLER,2001,c,30,0,2,1999,35
c120,PLER,2002,c,30,0,3,1999,35
c120,PLER,2003,c,5,0,4,1999,35
c120,PLER,2004,c,2,0,5,1999,35
c120,PLER,2005,c,10,1,6,1999,35
c120,PLER,2006,c,10,0,7,1999,35
c120,PLER,2007,c,10,0,8,1999,35
c120,PLER,2008,c,20,1,9,1999,35
c120,PLER,2009,c,40,0,10,1999,35
c120,PLER,2010,c,30,0,11,1999,35
c120,PLER,2011,c,20,0,12,1999,35
c120,PLER,2012,c,10,1,13,1999,35
c120,PLER,2013,c,20,0,14,1999,35
c120,PLER,2014,c,10,0,15,1999,35
c120,PLER,2015,c,40,0,16,1999,35
c120,PLER,2016,c,40,0,17,1999,35
c120,PLER,2017,c,20,0,18,1999,35
c120,PLER,2018,c,2,0,19,1999,35
c120,SIJU,1999,c,5,0,0,1999,35
c120,SIJU,2000,c,0,4,1,1999,35
c120,SIJU,2001,c,0,0,2,1999,35
c120,SIJU,2002,c,0,0,3,1999,35
c120,SIJU,2003,c,0,0,4,1999,35
c120,SIJU,2004,c,0,0,5,1999,35
c120,SIJU,2005,c,0,1,6,1999,35
c120,SIJU,2006,c,0,0,7,1999,35
c120,SIJU,2007,c,0,0,8,1999,35
c120,SIJU,2008,c,0,1,9,1999,35
c120,SIJU,2009,c,0,0,10,1999,35
c120,SIJU,2010,c,0,0,11,1999,35
c120,SIJU,2011,c,0,0,12,1999,35
c120,SIJU,2012,c,0,1,13,1999,35
c120,SIJU,2013,c,0,0,14,1999,35
c120,SIJU,2014,c,0,0,15,1999,35
c120,SIJU,2015,c,0,0,16,1999,35
c120,SIJU,2016,c,0,0,17,1999,35
c120,SIJU,2017,c,0,0,18,1999,35
c120,SIJU,2018,c,0,0,19,1999,35
c124,PLER,1989,c,30,3,0,1989,26
c124,PLER,1990,c,30,4,1,1989,26
c124,PLER,1991,c,10,2,2,1989,26
c124,PLER,1992,c,20,0,3,1989,26
c124,PLER,1993,c,30,0,4,1989,26
c124,PLER,1994,c,20,0,5,1989,26
c124,PLER,1995,c,20,0,6,1989,26
c124,PLER,1996,c,20,0,7,1989,26
c124,PLER,1997,c,50,0,8,1989,26
c124,PLER,1998,c,60,0,9,1989,26
c124,PLER,1999,c,5,0,10,1989,26
c124,PLER,2000,c,50,3,11,1989,26
c124,PLER,2001,c,40,0,12,1989,26
c124,PLER,2002,c,20,0,13,1989,26
c124,PLER,2003,c,10,0,14,1989,26
c124,PLER,2004,c,5,0,15,1989,26
c124,PLER,2005,c,10,2,16,1989,26
c124,PLER,2006,c,5,0,17,1989,26
c124,PLER,2007,c,2,1,18,1989,26
c124,PLER,2008,c,10,0,19,1989,26
c124,PLER,2009,c,40,0,20,1989,26
c124,SIJU,1989,c,10,3,0,1989,26
c124,SIJU,1990,c,20,4,1,1989,26
c124,SIJU,1991,c,20,2,2,1989,26
c124,SIJU,1992,c,10,0,3,1989,26
c124,SIJU,1993,c,10,0,4,1989,26
c124,SIJU,1994,c,10,0,5,1989,26
c124,SIJU,1995,c,25,0,6,1989,26
c124,SIJU,1996,c,5,0,7,1989,26
c124,SIJU,1997,c,5,0,8,1989,26
c124,SIJU,1998,c,5,0,9,1989,26
c124,SIJU,1999,c,0,0,10,1989,26
c124,SIJU,2000,c,0,3,11,1989,26
c124,SIJU,2001,c,0,0,12,1989,26
c124,SIJU,2002,c,0,0,13,1989,26
c124,SIJU,2003,c,1,0,14,1989,26
c124,SIJU,2004,c,0,0,15,1989,26
c124,SIJU,2005,c,0,2,16,1989,26
c124,SIJU,2006,c,0,0,17,1989,26
c124,SIJU,2007,c,0,1,18,1989,26
c124,SIJU,2008,c,0,0,19,1989,26
c124,SIJU,2009,c,0,0,20,1989,26
c209,PLER,1999,c,40,0,0,1999,27
c209,PLER,2000,c,50,4,1,1999,27
c209,PLER,2001,c,40,0,2,1999,27
c209,PLER,2002,c,30,0,3,1999,27
c209,PLER,2003,c,20,0,4,1999,27
c209,PLER,2004,c,2,2,5,1999,27
c209,PLER,2005,c,2,0,6,1999,27
c209,PLER,2006,c,0,0,7,1999,27
c209,PLER,2007,c,2,2,8,1999,27
c209,PLER,2008,c,10,0,9,1999,27
c209,PLER,2009,c,40,0,10,1999,27
c209,PLER,2010,c,70,1,11,1999,27
c209,SIJU,1999,c,10,0,0,1999,27
c209,SIJU,2000,c,0,4,1,1999,27
c209,SIJU,2001,c,0,0,2,1999,27
c209,SIJU,2002,c,0,0,3,1999,27
c209,SIJU,2003,c,0,0,4,1999,27
c209,SIJU,2004,c,0,2,5,1999,27
c209,SIJU,2005,c,0,0,6,1999,27
c209,SIJU,2006,c,0,0,7,1999,27
c209,SIJU,2007,c,0,2,8,1999,27
c209,SIJU,2008,c,0,0,9,1999,27
c209,SIJU,2009,c,0,0,10,1999,27
c209,SIJU,2010,c,0,1,11,1999,27
c212,PLER,1984,c,20,4,0,1984,23
c212,PLER,1985,c,40,4,1,1984,23
c212,PLER,1986,c,40,1,2,1984,23
c212,PLER,1987,c,40,0,3,1984,23
c212,PLER,1988,c,80,0,4,1984,23
c212,PLER,1989,c,60,0,5,1984,23
c212,PLER,1990,c,40,0,6,1984,23
c212,PLER,1991,c,20,0,7,1984,23
c212,PLER,1992,c,20,0,8,1984,23
c212,PLER,1993,c,2,0,9,1984,23
c212,PLER,1994,c,10,0,10,1984,23
c212,PLER,1995,c,10,0,11,1984,23
c212,PLER,1996,c,10,0,12,1984,23
c212,PLER,1997,c,50,0,13,1984,23
c212,PLER,1998,c,70,0,14,1984,23
c212,PLER,1999,c,40,0,15,1984,23
c212,PLER,2000,c,70,1,16,1984,23
c212,PLER,2001,c,60,0,17,1984,23
c212,PLER,2002,c,40,0,18,1984,23
c212,PLER,2003,c,20,0,19,1984,23
c212,PLER,2004,c,10,0,20,1984,23
c212,PLER,2005,c,20,0,21,1984,23
c212,PLER,2006,c,2,0,22,1984,23
c212,SIJU,1984,c,5,4,0,1984,23
c212,SIJU,1985,c,5,4,1,1984,23
c212,SIJU,1986,c,1,1,2,1984,23
c212,SIJU,1987,c,1,0,3,1984,23
c212,SIJU,1988,c,0,0,4,1984,23
c212,SIJU,1989,c,0,0,5,1984,23
c212,SIJU,1990,c,5,0,6,1984,23
c212,SIJU,1991,c,0,0,7,1984,23
c212,SIJU,1992,c,0,0,8,1984,23
c212,SIJU,1993,c,5,0,9,1984,23
c212,SIJU,1994,c,5,0,10,1984,23
c212,SIJU,1995,c,5,0,11,1984,23
c212,SIJU,1996,c,0,0,12,1984,23
c212,SIJU,1997,c,0,0,13,1984,23
c212,SIJU,1998,c,0,0,14,1984,23
c212,SIJU,1999,c,0,0,15,1984,23
c212,SIJU,2000,c,0,1,16,1984,23
c212,SIJU,2001,c,0,0,17,1984,23
c212,SIJU,2002,c,0,0,18,1984,23
c212,SIJU,2003,c,0,0,19,1984,23
c212,SIJU,2004,c,0,0,20,1984,23
c212,SIJU,2005,c,0,0,21,1984,23
c212,SIJU,2006,c,0,0,22,1984,23
c219,PLER,2001,c,30,0,0,2001,35
c219,PLER,2002,c,30,4,1,2001,35
c219,PLER,2003,c,20,0,2,2001,35
c219,PLER,2004,c,10,0,3,2001,35
c219,PLER,2005,c,10,0,4,2001,35
c219,PLER,2006,c,5,0,5,2001,35
c219,PLER,2007,c,30,0,6,2001,35
c219,PLER,2008,c,40,0,7,2001,35
c219,PLER,2009,c,40,0,8,2001,35
c219,PLER,2010,c,40,3,9,2001,35
c219,PLER,2011,c,20,0,10,2001,35
c219,PLER,2012,c,20,0,11,2001,35
c219,PLER,2013,c,10,0,12,2001,35
c219,PLER,2014,c,20,0,13,2001,35
c219,PLER,2015,c,20,1,14,2001,35
c219,PLER,2016,c,20,0,15,2001,35
c219,PLER,2017,c,0,0,16,2001,35
c219,PLER,2018,c,0,2,17,2001,35
c219,SIJU,2001,c,10,0,0,2001,35
c219,SIJU,2002,c,2,4,1,2001,35
c219,SIJU,2003,c,0,0,2,2001,35
c219,SIJU,2004,c,0,0,3,2001,35
c219,SIJU,2005,c,0,0,4,2001,35
c219,SIJU,2006,c,0,0,5,2001,35
c219,SIJU,2007,c,0,0,6,2001,35
c219,SIJU,2008,c,0,0,7,2001,35
c219,SIJU,2009,c,2,0,8,2001,35
c219,SIJU,2010,c,5,3,9,2001,35
c219,SIJU,2011,c,0,0,10,2001,35
c219,SIJU,2012,c,5,0,11,2001,35
c219,SIJU,2013,c,2,0,12,2001,35
c219,SIJU,2014,c,2,0,13,2001,35
c219,SIJU,2015,c,5,1,14,2001,35
c219,SIJU,2016,c,5,0,15,2001,35
c219,SIJU,2017,c,20,0,16,2001,35
c219,SIJU,2018,c,10,2,17,2001,35
c220,PLER,2003,c,30,0,0,2003,33
c220,PLER,2004,c,30,4,1,2003,33
c220,PLER,2005,c,20,0,2,2003,33
c220,PLER,2006,c,5,0,3,2003,33
c220,PLER,2007,c,0,0,4,2003,33
c220,PLER,2008,c,40,1,5,2003,33
c220,PLER,2009,c,40,0,6,2003,33
c220,PLER,2010,c,60,0,7,2003,33
c220,PLER,2011,c,20,0,8,2003,33
c220,PLER,2012,c,10,0,9,2003,33
c220,PLER,2013,c,5,0,10,2003,33
c220,PLER,2014,c,10,0,11,2003,33
c220,PLER,2015,c,30,1,12,2003,33
c220,PLER,2016,c,10,2,13,2003,33
c220,SIJU,2003,c,10,0,0,2003,33
c220,SIJU,2004,c,2,4,1,2003,33
c220,SIJU,2005,c,5,0,2,2003,33
c220,SIJU,2006,c,5,0,3,2003,33
c220,SIJU,2007,c,20,0,4,2003,33
c220,SIJU,2008,c,10,1,5,2003,33
c220,SIJU,2009,c,20,0,6,2003,33
c220,SIJU,2010,c,20,0,7,2003,33
c220,SIJU,2011,c,10,0,8,2003,33
c220,SIJU,2012,c,2,0,9,2003,33
c220,SIJU,2013,c,0,0,10,2003,33
c220,SIJU,2014,c,0,0,11,2003,33
c220,SIJU,2015,c,0,1,12,2003,33
c220,SIJU,2016,c,2,2,13,2003,33
c304,PLER,1993,c,30,0,0,1993,26
c304,PLER,1994,c,40,4,1,1993,26
c304,PLER,1995,c,10,0,2,1993,26
c304,PLER,1996,c,5,3,3,1993,26
c304,PLER,1997,c,20,0,4,1993,26
c304,PLER,1998,c,20,0,5,1993,26
c304,PLER,1999,c,20,0,6,1993,26
c304,PLER,2000,c,20,0,7,1993,26
c304,PLER,2001,c,30,0,8,1993,26
c304,PLER,2002,c,5,0,9,1993,26
c304,PLER,2003,c,10,0,10,1993,26
c304,PLER,2004,c,5,0,11,1993,26
c304,PLER,2005,c,5,1,12,1993,26
c304,PLER,2006,c,20,0,13,1993,26
c304,PLER,2007,c,5,0,14,1993,26
c304,PLER,2008,c,40,1,15,1993,26
c304,PLER,2009,c,60,0,16,1993,26
c304,SIJU,1993,c,5,0,0,1993,26
c304,SIJU,1994,c,0,4,1,1993,26
c304,SIJU,1995,c,2,0,2,1993,26
c304,SIJU,1996,c,5,3,3,1993,26
c304,SIJU,1997,c,0,0,4,1993,26
c304,SIJU,1998,c,5,0,5,1993,26
c304,SIJU,1999,c,10,0,6,1993,26
c304,SIJU,2000,c,10,0,7,1993,26
c304,SIJU,2001,c,10,0,8,1993,26
c304,SIJU,2002,c,5,0,9,1993,26
c304,SIJU,2003,c,0,0,10,1993,26
c304,SIJU,2004,c,0,0,11,1993,26
c304,SIJU,2005,c,0,1,12,1993,26
c304,SIJU,2006,c,0,0,13,1993,26
c304,SIJU,2007,c,0,0,14,1993,26
c304,SIJU,2008,c,0,1,15,1993,26
c304,SIJU,2009,c,0,0,16,1993,26
c311,PLER,1993,c,40,0,0,1993,19
c311,PLER,1994,c,10,4,1,1993,19
c311,PLER,1995,c,30,0,2,1993,19
c311,PLER,1996,c,10,1,3,1993,19
c311,PLER,1997,c,30,0,4,1993,19
c311,PLER,1998,c,60,0,5,1993,19
c311,PLER,1999,c,40,0,6,1993,19
c311,PLER,2000,c,50,1,7,1993,19
c311,PLER,2001,c,30,0,8,1993,19
c311,PLER,2002,c,40,0,9,1993,19
c311,SIJU,1993,c,5,0,0,1993,19
c311,SIJU,1994,c,0,4,1,1993,19
c311,SIJU,1995,c,0,0,2,1993,19
c311,SIJU,1996,c,0,1,3,1993,19
c311,SIJU,1997,c,0,0,4,1993,19
c311,SIJU,1998,c,1,0,5,1993,19
c311,SIJU,1999,c,5,0,6,1993,19
c311,SIJU,2000,c,5,1,7,1993,19
c311,SIJU,2001,c,0,0,8,1993,19
c311,SIJU,2002,c,0,0,9,1993,19
c313,PLER,1993,c,20,0,0,1993,19
c313,PLER,1994,c,10,4,1,1993,19
c313,PLER,1995,c,10,2,2,1993,19
c313,PLER,1996,c,20,1,3,1993,19
c313,PLER,1997,c,40,0,4,1993,19
c313,PLER,1998,c,60,0,5,1993,19
c313,PLER,1999,c,50,0,6,1993,19
c313,PLER,2000,c,50,0,7,1993,19
c313,PLER,2001,c,30,0,8,1993,19
c313,PLER,2002,c,40,0,9,1993,19
c313,SIJU,1993,c,10,0,0,1993,19
c313,SIJU,1994,c,10,4,1,1993,19
c313,SIJU,1995,c,2,2,2,1993,19
c313,SIJU,1996,c,2,1,3,1993,19
c313,SIJU,1997,c,0,0,4,1993,19
c313,SIJU,1998,c,0,0,5,1993,19
c313,SIJU,1999,c,0,0,6,1993,19
c313,SIJU,2000,c,2,0,7,1993,19
c313,SIJU,2001,c,0,0,8,1993,19
c313,SIJU,2002,c,1,0,9,1993,19
c314,PLER,1985,c,5,3,0,1985,20
c314,PLER,1986,c,20,4,1,1985,20
c314,PLER,1987,c,40,0,2,1985,20
c314,PLER,1988,c,40,0,3,1985,20
c314,PLER,1989,c,30,0,4,1985,20
c314,PLER,1990,c,40,0,5,1985,20
c314,PLER,1991,c,10,0,6,1985,20
c314,PLER,1992,c,20,0,7,1985,20
c314,PLER,1993,c,30,0,8,1985,20
c314,PLER,1994,c,10,3,9,1985,20
c314,PLER,1995,c,20,1,10,1985,20
c314,PLER,1996,c,10,2,11,1985,20
c314,PLER,1997,c,20,0,12,1985,20
c314,PLER,1998,c,30,0,13,1985,20
c314,PLER,1999,c,20,0,14,1985,20
c314,PLER,2000,c,30,0,15,1985,20
c314,PLER,2001,c,20,0,16,1985,20
c314,PLER,2002,c,30,0,17,1985,20
c314,PLER,2003,c,20,0,18,1985,20
c314,SIJU,1985,c,10,3,0,1985,20
c314,SIJU,1986,c,1,4,1,1985,20
c314,SIJU,1987,c,3,0,2,1985,20
c314,SIJU,1988,c,10,0,3,1985,20
c314,SIJU,1989,c,30,0,4,1985,20
c314,SIJU,1990,c,20,0,5,1985,20
c314,SIJU,1991,c,50,0,6,1985,20
c314,SIJU,1992,c,20,0,7,1985,20
c314,SIJU,1993,c,20,0,8,1985,20
c314,SIJU,1994,c,10,3,9,1985,20
c314,SIJU,1995,c,5,1,10,1985,20
c314,SIJU,1996,c,2,2,11,1985,20
c314,SIJU,1997,c,1,0,12,1985,20
c314,SIJU,1998,c,10,0,13,1985,20
c314,SIJU,1999,c,10,0,14,1985,20
c314,SIJU,2000,c,20,0,15,1985,20
c314,SIJU,2001,c,20,0,16,1985,20
c314,SIJU,2002,c,0,0,17,1985,20
c314,SIJU,2003,c,0,0,18,1985,20
c315,PLER,1984,c,40,0,0,1984,29
c315,PLER,1985,c,10,4,1,1984,29
c315,PLER,1986,c,30,2,2,1984,29
c315,PLER,1987,c,40,0,3,1984,29
c315,PLER,1988,c,30,1,4,1984,29
c315,PLER,1989,c,50,0,5,1984,29
c315,PLER,1990,c,70,0,6,1984,29
c315,PLER,1991,c,30,0,7,1984,29
c315,PLER,1992,c,20,0,8,1984,29
c315,PLER,1993,c,30,0,9,1984,29
c315,PLER,1994,c,10,0,10,1984,29
c315,PLER,1995,c,20,0,11,1984,29
c315,PLER,1996,c,5,3,12,1984,29
c315,PLER,1997,c,5,0,13,1984,29
c315,PLER,1998,c,10,0,14,1984,29
c315,PLER,1999,c,10,0,15,1984,29
c315,PLER,2000,c,30,0,16,1984,29
c315,PLER,2001,c,30,0,17,1984,29
c315,PLER,2002,c,30,0,18,1984,29
c315,PLER,2003,c,20,0,19,1984,29
c315,PLER,2004,c,10,2,20,1984,29
c315,PLER,2005,c,20,1,21,1984,29
c315,PLER,2006,c,20,0,22,1984,29
c315,PLER,2007,c,10,0,23,1984,29
c315,PLER,2008,c,30,0,24,1984,29
c315,PLER,2009,c,50,0,25,1984,29
c315,PLER,2010,c,40,0,26,1984,29
c315,PLER,2011,c,20,2,27,1984,29
c315,PLER,2012,c,30,0,28,1984,29
c315,SIJU,1984,c,5,0,0,1984,29
c315,SIJU,1985,c,1,4,1,1984,29
c315,SIJU,1986,c,1,2,2,1984,29
c315,SIJU,1987,c,2,0,3,1984,29
c315,SIJU,1988,c,0,1,4,1984,29
c315,SIJU,1989,c,0,0,5,1984,29
c315,SIJU,1990,c,0,0,6,1984,29
c315,SIJU,1991,c,0,0,7,1984,29
c315,SIJU,1992,c,5,0,8,1984,29
c315,SIJU,1993,c,5,0,9,1984,29
c315,SIJU,1994,c,0,0,10,1984,29
c315,SIJU,1995,c,5,0,11,1984,29
c315,SIJU,1996,c,1,3,12,1984,29
c315,SIJU,1997,c,10,0,13,1984,29
c315,SIJU,1998,c,20,0,14,1984,29
c315,SIJU,1999,c,5,0,15,1984,29
c315,SIJU,2000,c,20,0,16,1984,29
c315,SIJU,2001,c,30,0,17,1984,29
c315,SIJU,2002,c,1,0,18,1984,29
c315,SIJU,2003,c,2,0,19,1984,29
c315,SIJU,2004,c,0,2,20,1984,29
c315,SIJU,2005,c,0,1,21,1984,29
c315,SIJU,2006,c,0,0,22,1984,29
c315,SIJU,2007,c,0,0,23,1984,29
c315,SIJU,2008,c,0,0,24,1984,29
c315,SIJU,2009,c,0,0,25,1984,29
c315,SIJU,2010,c,0,0,26,1984,29
c315,SIJU,2011,c,2,2,27,1984,29
c315,SIJU,2012,c,5,0,28,1984,29
c317,PLER,2002,c,20,0,0,2002,33
c317,PLER,2003,c,20,4,1,2002,33
c317,PLER,2004,c,10,2,2,2002,33
c317,PLER,2005,c,5,2,3,2002,33
c317,PLER,2006,c,20,0,4,2002,33
c317,PLER,2007,c,10,1,5,2002,33
c317,PLER,2008,c,20,0,6,2002,33
c317,PLER,2009,c,50,0,7,2002,33
c317,PLER,2010,c,70,0,8,2002,33
c317,PLER,2011,c,30,3,9,2002,33
c317,PLER,2012,c,40,2,10,2002,33
c317,PLER,2013,c,20,0,11,2002,33
c317,PLER,2014,c,20,0,12,2002,33
c317,PLER,2015,c,30,0,13,2002,33
c317,PLER,2016,c,20,0,14,2002,33
c317,SIJU,2002,c,20,0,0,2002,33
c317,SIJU,2003,c,20,4,1,2002,33
c317,SIJU,2004,c,10,2,2,2002,33
c317,SIJU,2005,c,0,2,3,2002,33
c317,SIJU,2006,c,0,0,4,2002,33
c317,SIJU,2007,c,0,1,5,2002,33
c317,SIJU,2008,c,5,0,6,2002,33
c317,SIJU,2009,c,5,0,7,2002,33
c317,SIJU,2010,c,20,0,8,2002,33
c317,SIJU,2011,c,0,3,9,2002,33
c317,SIJU,2012,c,1,2,10,2002,33
c317,SIJU,2013,c,5,0,11,2002,33
c317,SIJU,2014,c,10,0,12,2002,33
c317,SIJU,2015,c,10,0,13,2002,33
c317,SIJU,2016,c,5,0,14,2002,33
c318,PLER,2003,c,30,0,0,2003,32
c318,PLER,2004,c,10,4,1,2003,32
c318,PLER,2005,c,10,1,2,2003,32
c318,PLER,2006,c,10,0,3,2003,32
c318,PLER,2007,c,10,1,4,2003,32
c318,PLER,2008,c,20,0,5,2003,32
c318,PLER,2009,c,60,0,6,2003,32
c318,PLER,2010,c,80,0,7,2003,32
c318,PLER,2011,c,40,0,8,2003,32
c318,PLER,2012,c,30,1,9,2003,32
c318,PLER,2013,c,10,0,10,2003,32
c318,PLER,2014,c,10,0,11,2003,32
c318,PLER,2015,c,20,0,12,2003,32
c318,SIJU,2003,c,20,0,0,2003,32
c318,SIJU,2004,c,0,4,1,2003,32
c318,SIJU,2005,c,0,1,2,2003,32
c318,SIJU,2006,c,0,0,3,2003,32
c318,SIJU,2007,c,0,1,4,2003,32
c318,SIJU,2008,c,0,0,5,2003,32
c318,SIJU,2009,c,0,0,6,2003,32
c318,SIJU,2010,c,0,0,7,2003,32
c318,SIJU,2011,c,0,0,8,2003,32
c318,SIJU,2012,c,2,1,9,2003,32
c318,SIJU,2013,c,5,0,10,2003,32
c318,SIJU,2014,c,0,0,11,2003,32
c318,SIJU,2015,c,0,0,12,2003,32
c319,PLER,1984,c,20,0,0,1984,10
c319,PLER,1985,c,2,4,1,1984,10
c319,PLER,1986,c,10,2,2,1984,10
c319,PLER,1987,c,20,2,3,1984,10
c319,PLER,1988,c,20,0,4,1984,10
c319,PLER,1989,c,70,0,5,1984,10
c319,PLER,1990,c,80,0,6,1984,10
c319,PLER,1991,c,2,0,7,1984,10
c319,PLER,1992,c,20,0,8,1984,10
c319,PLER,1993,c,10,0,9,1984,10
c319,SIJU,1984,c,10,0,0,1984,10
c319,SIJU,1985,c,10,4,1,1984,10
c319,SIJU,1986,c,0,2,2,1984,10
c319,SIJU,1987,c,5,2,3,1984,10
c319,SIJU,1988,c,0,0,4,1984,10
c319,SIJU,1989,c,2,0,5,1984,10
c319,SIJU,1990,c,0,0,6,1984,10
c319,SIJU,1991,c,30,0,7,1984,10
c319,SIJU,1992,c,25,0,8,1984,10
c319,SIJU,1993,c,20,0,9,1984,10
c323,PLER,2007,c,20,2,0,2007,34
c323,PLER,2008,c,30,4,1,2007,34
c323,PLER,2009,c,40,0,2,2007,34
c323,PLER,2010,c,50,0,3,2007,34
c323,PLER,2011,c,40,3,4,2007,34
c323,PLER,2012,c,30,1,5,2007,34
c323,PLER,2013,c,10,0,6,2007,34
c323,PLER,2014,c,20,0,7,2007,34
c323,PLER,2015,c,30,0,8,2007,34
c323,PLER,2016,c,20,0,9,2007,34
c323,PLER,2017,c,5,2,10,2007,34
c323,SIJU,2007,c,5,2,0,2007,34
c323,SIJU,2008,c,5,4,1,2007,34
c323,SIJU,2009,c,5,0,2,2007,34
c323,SIJU,2010,c,20,0,3,2007,34
c323,SIJU,2011,c,0,3,4,2007,34
c323,SIJU,2012,c,5,1,5,2007,34
c323,SIJU,2013,c,5,0,6,2007,34
c323,SIJU,2014,c,0,0,7,2007,34
c323,SIJU,2015,c,0,0,8,2007,34
c323,SIJU,2016,c,0,0,9,2007,34
c323,SIJU,2017,c,0,2,10,2007,34
c324,PLER,2001,c,20,3,0,2001,33
c324,PLER,2002,c,20,4,1,2001,33
c324,PLER,2003,c,10,1,2,2001,33
c324,PLER,2004,c,30,2,3,2001,33
c324,PLER,2005,c,20,1,4,2001,33
c324,PLER,2006,c,10,0,5,2001,33
c324,PLER,2007,c,5,2,6,2001,33
c324,PLER,2008,c,20,2,7,2001,33
c324,PLER,2009,c,30,0,8,2001,33
c324,PLER,2010,c,50,0,9,2001,33
c324,PLER,2011,c,10,2,10,2001,33
c324,PLER,2012,c,30,1,11,2001,33
c324,PLER,2013,c,10,0,12,2001,33
c324,PLER,2014,c,10,0,13,2001,33
c324,PLER,2015,c,10,0,14,2001,33
c324,PLER,2016,c,10,0,15,2001,33
c324,SIJU,2001,c,10,3,0,2001,33
c324,SIJU,2002,c,10,4,1,2001,33
c324,SIJU,2003,c,5,1,2,2001,33
c324,SIJU,2004,c,0,2,3,2001,33
c324,SIJU,2005,c,0,1,4,2001,33
c324,SIJU,2006,c,0,0,5,2001,33
c324,SIJU,2007,c,0,2,6,2001,33
c324,SIJU,2008,c,0,2,7,2001,33
c324,SIJU,2009,c,0,0,8,2001,33
c324,SIJU,2010,c,0,0,9,2001,33
c324,SIJU,2011,c,0,2,10,2001,33
c324,SIJU,2012,c,2,1,11,2001,33
c324,SIJU,2013,c,10,0,12,2001,33
c324,SIJU,2014,c,0,0,13,2001,33
c324,SIJU,2015,c,5,0,14,2001,33
c324,SIJU,2016,c,0,0,15,2001,33
g105,PLER,1993,g,20,0,0,1993,35
g105,PLER,1994,g,2,4,1,1993,35
g105,PLER,1995,g,5,0,2,1993,35
g105,PLER,1996,g,5,0,3,1993,35
g105,PLER,1997,g,30,0,4,1993,35
g105,PLER,1998,g,30,0,5,1993,35
g105,PLER,1999,g,10,0,6,1993,35
g105,PLER,2000,g,20,0,7,1993,35
g105,PLER,2001,g,10,0,8,1993,35
g105,PLER,2002,g,10,2,9,1993,35
g105,PLER,2003,g,20,3,10,1993,35
g105,PLER,2004,g,30,0,11,1993,35
g105,PLER,2005,g,2,0,12,1993,35
g105,PLER,2006,g,20,0,13,1993,35
g105,PLER,2007,g,10,0,14,1993,35
g105,PLER,2008,g,30,3,15,1993,35
g105,PLER,2009,g,40,0,16,1993,35
g105,PLER,2010,g,70,0,17,1993,35
g105,PLER,2011,g,50,0,18,1993,35
g105,PLER,2012,g,20,2,19,1993,35
g105,PLER,2013,g,20,2,20,1993,35
g105,PLER,2014,g,30,0,21,1993,35
g105,PLER,2015,g,60,0,22,1993,35
g105,PLER,2016,g,50,0,23,1993,35
g105,PLER,2017,g,30,0,24,1993,35
g105,PLER,2018,g,5,0,25,1993,35
g105,SIJU,1993,g,10,0,0,1993,35
g105,SIJU,1994,g,2,4,1,1993,35
g105,SIJU,1995,g,2,0,2,1993,35
g105,SIJU,1996,g,5,0,3,1993,35
g105,SIJU,1997,g,5,0,4,1993,35
g105,SIJU,1998,g,10,0,5,1993,35
g105,SIJU,1999,g,20,0,6,1993,35
g105,SIJU,2000,g,20,0,7,1993,35
g105,SIJU,2001,g,30,0,8,1993,35
g105,SIJU,2002,g,20,2,9,1993,35
g105,SIJU,2003,g,0,3,10,1993,35
g105,SIJU,2004,g,0,0,11,1993,35
g105,SIJU,2005,g,0,0,12,1993,35
g105,SIJU,2006,g,0,0,13,1993,35
g105,SIJU,2007,g,0,0,14,1993,35
g105,SIJU,2008,g,0,3,15,1993,35
g105,SIJU,2009,g,0,0,16,1993,35
g105,SIJU,2010,g,2,0,17,1993,35
g105,SIJU,2011,g,0,0,18,1993,35
g105,SIJU,2012,g,0,2,19,1993,35
g105,SIJU,2013,g,0,2,20,1993,35
g105,SIJU,2014,g,0,0,21,1993,35
g105,SIJU,2015,g,0,0,22,1993,35
g105,SIJU,2016,g,0,0,23,1993,35
g105,SIJU,2017,g,0,0,24,1993,35
g105,SIJU,2018,g,0,0,25,1993,35
g106,PLER,1985,g,30,0,0,1985,18
g106,PLER,1986,g,20,4,1,1985,18
g106,PLER,1987,g,30,0,2,1985,18
g106,PLER,1988,g,60,0,3,1985,18
g106,PLER,1989,g,60,0,4,1985,18
g106,PLER,1990,g,30,0,5,1985,18
g106,PLER,1991,g,5,0,6,1985,18
g106,PLER,1992,g,10,0,7,1985,18
g106,PLER,1993,g,20,0,8,1985,18
g106,PLER,1994,g,2,3,9,1985,18
g106,PLER,1995,g,5,0,10,1985,18
g106,PLER,1996,g,5,0,11,1985,18
g106,PLER,1997,g,40,0,12,1985,18
g106,PLER,1998,g,60,0,13,1985,18
g106,PLER,1999,g,20,0,14,1985,18
g106,PLER,2000,g,40,0,15,1985,18
g106,PLER,2001,g,40,0,16,1985,18
g106,SIJU,1985,g,5,0,0,1985,18
g106,SIJU,1986,g,2,4,1,1985,18
g106,SIJU,1987,g,0,0,2,1985,18
g106,SIJU,1988,g,0,0,3,1985,18
g106,SIJU,1989,g,10,0,4,1985,18
g106,SIJU,1990,g,20,0,5,1985,18
g106,SIJU,1991,g,20,0,6,1985,18
g106,SIJU,1992,g,20,0,7,1985,18
g106,SIJU,1993,g,5,0,8,1985,18
g106,SIJU,1994,g,0,3,9,1985,18
g106,SIJU,1995,g,2,0,10,1985,18
g106,SIJU,1996,g,1,0,11,1985,18
g106,SIJU,1997,g,0,0,12,1985,18
g106,SIJU,1998,g,0,0,13,1985,18
g106,SIJU,1999,g,0,0,14,1985,18
g106,SIJU,2000,g,5,0,15,1985,18
g106,SIJU,2001,g,2,0,16,1985,18
g107,PLER,1993,g,20,0,0,1993,35
g107,PLER,1994,g,10,4,1,1993,35
g107,PLER,1995,g,2,0,2,1993,35
g107,PLER,1996,g,5,0,3,1993,35
g107,PLER,1997,g,40,0,4,1993,35
g107,PLER,1998,g,50,0,5,1993,35
g107,PLER,1999,g,30,0,6,1993,35
g107,PLER,2000,g,50,0,7,1993,35
g107,PLER,2001,g,40,0,8,1993,35
g107,PLER,2002,g,30,0,9,1993,35
g107,PLER,2003,g,20,3,10,1993,35
g107,PLER,2004,g,40,0,11,1993,35
g107,PLER,2005,g,10,0,12,1993,35
g107,PLER,2006,g,20,0,13,1993,35
g107,PLER,2007,g,10,0,14,1993,35
g107,PLER,2008,g,30,0,15,1993,35
g107,PLER,2009,g,40,0,16,1993,35
g107,PLER,2010,g,30,0,17,1993,35
g107,PLER,2011,g,30,0,18,1993,35
g107,PLER,2012,g,10,2,19,1993,35
g107,PLER,2013,g,10,0,20,1993,35
g107,PLER,2014,g,20,0,21,1993,35
g107,PLER,2015,g,30,0,22,1993,35
g107,PLER,2016,g,30,0,23,1993,35
g107,PLER,2017,g,10,0,24,1993,35
g107,PLER,2018,g,5,0,25,1993,35
g107,SIJU,1993,g,5,0,0,1993,35
g107,SIJU,1994,g,0,4,1,1993,35
g107,SIJU,1995,g,1,0,2,1993,35
g107,SIJU,1996,g,5,0,3,1993,35
g107,SIJU,1997,g,10,0,4,1993,35
g107,SIJU,1998,g,10,0,5,1993,35
g107,SIJU,1999,g,20,0,6,1993,35
g107,SIJU,2000,g,20,0,7,1993,35
g107,SIJU,2001,g,30,0,8,1993,35
g107,SIJU,2002,g,20,0,9,1993,35
g107,SIJU,2003,g,0,3,10,1993,35
g107,SIJU,2004,g,1,0,11,1993,35
g107,SIJU,2005,g,0,0,12,1993,35
g107,SIJU,2006,g,0,0,13,1993,35
g107,SIJU,2007,g,0,0,14,1993,35
g107,SIJU,2008,g,0,0,15,1993,35
g107,SIJU,2009,g,0,0,16,1993,35
g107,SIJU,2010,g,0,0,17,1993,35
g107,SIJU,2011,g,0,0,18,1993,35
g107,SIJU,2012,g,0,2,19,1993,35
g107,SIJU,2013,g,0,0,20,1993,35
g107,SIJU,2014,g,0,0,21,1993,35
g107,SIJU,2015,g,0,0,22,1993,35
g107,SIJU,2016,g,0,0,23,1993,35
g107,SIJU,2017,g,0,0,24,1993,35
g107,SIJU,2018,g,0,0,25,1993,35
g111,PLER,2002,g,10,4,0,2002,35
g111,PLER,2003,g,10,4,1,2002,35
g111,PLER,2004,g,20,0,2,2002,35
g111,PLER,2005,g,5,0,3,2002,35
g111,PLER,2006,g,20,0,4,2002,35
g111,PLER,2007,g,10,0,5,2002,35
g111,PLER,2008,g,50,2,6,2002,35
g111,PLER,2009,g,40,0,7,2002,35
g111,PLER,2010,g,30,0,8,2002,35
g111,PLER,2011,g,30,0,9,2002,35
g111,PLER,2012,g,20,2,10,2002,35
g111,PLER,2013,g,10,2,11,2002,35
g111,PLER,2014,g,30,0,12,2002,35
g111,PLER,2015,g,40,0,13,2002,35
g111,PLER,2016,g,30,0,14,2002,35
g111,PLER,2017,g,30,0,15,2002,35
g111,PLER,2018,g,2,0,16,2002,35
g111,SIJU,2002,g,20,4,0,2002,35
g111,SIJU,2003,g,0,4,1,2002,35
g111,SIJU,2004,g,0,0,2,2002,35
g111,SIJU,2005,g,0,0,3,2002,35
g111,SIJU,2006,g,0,0,4,2002,35
g111,SIJU,2007,g,0,0,5,2002,35
g111,SIJU,2008,g,0,2,6,2002,35
g111,SIJU,2009,g,0,0,7,2002,35
g111,SIJU,2010,g,0,0,8,2002,35
g111,SIJU,2011,g,0,0,9,2002,35
g111,SIJU,2012,g,0,2,10,2002,35
g111,SIJU,2013,g,0,2,11,2002,35
g111,SIJU,2014,g,0,0,12,2002,35
g111,SIJU,2015,g,0,0,13,2002,35
g111,SIJU,2016,g,0,0,14,2002,35
g111,SIJU,2017,g,0,0,15,2002,35
g111,SIJU,2018,g,0,0,16,2002,35
g113,PLER,1993,g,10,0,0,1993,35
g113,PLER,1994,g,2,4,1,1993,35
g113,PLER,1995,g,5,0,2,1993,35
g113,PLER,1996,g,10,0,3,1993,35
g113,PLER,1997,g,40,0,4,1993,35
g113,PLER,1998,g,40,0,5,1993,35
g113,PLER,1999,g,30,0,6,1993,35
g113,PLER,2000,g,20,0,7,1993,35
g113,PLER,2001,g,20,0,8,1993,35
g113,PLER,2002,g,10,0,9,1993,35
g113,PLER,2003,g,10,2,10,1993,35
g113,PLER,2004,g,20,0,11,1993,35
g113,PLER,2005,g,10,0,12,1993,35
g113,PLER,2006,g,5,0,13,1993,35
g113,PLER,2007,g,30,0,14,1993,35
g113,PLER,2008,g,50,0,15,1993,35
g113,PLER,2009,g,50,0,16,1993,35
g113,PLER,2010,g,30,0,17,1993,35
g113,PLER,2011,g,20,0,18,1993,35
g113,PLER,2012,g,20,1,19,1993,35
g113,PLER,2013,g,10,2,20,1993,35
g113,PLER,2014,g,30,0,21,1993,35
g113,PLER,2015,g,30,0,22,1993,35
g113,PLER,2016,g,30,0,23,1993,35
g113,PLER,2017,g,20,0,24,1993,35
g113,PLER,2018,g,5,0,25,1993,35
g113,SIJU,1993,g,5,0,0,1993,35
g113,SIJU,1994,g,0,4,1,1993,35
g113,SIJU,1995,g,0,0,2,1993,35
g113,SIJU,1996,g,5,0,3,1993,35
g113,SIJU,1997,g,5,0,4,1993,35
g113,SIJU,1998,g,5,0,5,1993,35
g113,SIJU,1999,g,10,0,6,1993,35
g113,SIJU,2000,g,5,0,7,1993,35
g113,SIJU,2001,g,10,0,8,1993,35
g113,SIJU,2002,g,5,0,9,1993,35
g113,SIJU,2003,g,0,2,10,1993,35
g113,SIJU,2004,g,0,0,11,1993,35
g113,SIJU,2005,g,0,0,12,1993,35
g113,SIJU,2006,g,0,0,13,1993,35
g113,SIJU,2007,g,0,0,14,1993,35
g113,SIJU,2008,g,0,0,15,1993,35
g113,SIJU,2009,g,0,0,16,1993,35
g113,SIJU,2010,g,0,0,17,1993,35
g113,SIJU,2011,g,1,0,18,1993,35
g113,SIJU,2012,g,0,1,19,1993,35
g113,SIJU,2013,g,0,2,20,1993,35
g113,SIJU,2014,g,0,0,21,1993,35
g113,SIJU,2015,g,0,0,22,1993,35
g113,SIJU,2016,g,0,0,23,1993,35
g113,SIJU,2017,g,0,0,24,1993,35
g113,SIJU,2018,g,0,0,25,1993,35
g114,PLER,1993,g,5,0,0,1993,27
g114,PLER,1994,g,5,4,1,1993,27
g114,PLER,1995,g,10,3,2,1993,27
g114,PLER,1996,g,5,0,3,1993,27
g114,PLER,1997,g,30,0,4,1993,27
g114,PLER,1998,g,50,0,5,1993,27
g114,PLER,1999,g,30,0,6,1993,27
g114,PLER,2000,g,60,0,7,1993,27
g114,PLER,2001,g,50,0,8,1993,27
g114,PLER,2002,g,30,0,9,1993,27
g114,PLER,2003,g,30,0,10,1993,27
g114,PLER,2004,g,5,0,11,1993,27
g114,PLER,2005,g,2,0,12,1993,27
g114,PLER,2006,g,10,0,13,1993,27
g114,PLER,2007,g,20,0,14,1993,27
g114,PLER,2008,g,50,0,15,1993,27
g114,PLER,2009,g,60,0,16,1993,27
g114,PLER,2010,g,30,0,17,1993,27
g114,SIJU,1993,g,10,0,0,1993,27
g114,SIJU,1994,g,1,4,1,1993,27
g114,SIJU,1995,g,2,3,2,1993,27
g114,SIJU,1996,g,0,0,3,1993,27
g114,SIJU,1997,g,2,0,4,1993,27
g114,SIJU,1998,g,5,0,5,1993,27
g114,SIJU,1999,g,10,0,6,1993,27
g114,SIJU,2000,g,10,0,7,1993,27
g114,SIJU,2001,g,10,0,8,1993,27
g114,SIJU,2002,g,0,0,9,1993,27
g114,SIJU,2003,g,0,0,10,1993,27
g114,SIJU,2004,g,0,0,11,1993,27
g114,SIJU,2005,g,0,0,12,1993,27
g114,SIJU,2006,g,0,0,13,1993,27
g114,SIJU,2007,g,0,0,14,1993,27
g114,SIJU,2008,g,0,0,15,1993,27
g114,SIJU,2009,g,0,0,16,1993,27
g114,SIJU,2010,g,0,0,17,1993,27
g115,PLER,1993,g,5,0,0,1993,35
g115,PLER,1994,g,2,4,1,1993,35
g115,PLER,1995,g,2,0,2,1993,35
g115,PLER,1996,g,2,0,3,1993,35
g115,PLER,1997,g,30,0,4,1993,35
g115,PLER,1998,g,50,0,5,1993,35
g115,PLER,1999,g,30,0,6,1993,35
g115,PLER,2000,g,60,0,7,1993,35
g115,PLER,2001,g,30,0,8,1993,35
g115,PLER,2002,g,20,3,9,1993,35
g115,PLER,2003,g,30,0,10,1993,35
g115,PLER,2004,g,20,0,11,1993,35
g115,PLER,2005,g,5,0,12,1993,35
g115,PLER,2006,g,10,0,13,1993,35
g115,PLER,2007,g,5,0,14,1993,35
g115,PLER,2008,g,20,0,15,1993,35
g115,PLER,2009,g,10,0,16,1993,35
g115,PLER,2010,g,25,0,17,1993,35
g115,PLER,2011,g,20,0,18,1993,35
g115,PLER,2012,g,10,1,19,1993,35
g115,PLER,2013,g,5,2,20,1993,35
g115,PLER,2014,g,10,0,21,1993,35
g115,PLER,2015,g,20,0,22,1993,35
g115,PLER,2016,g,30,0,23,1993,35
g115,PLER,2017,g,30,0,24,1993,35
g115,PLER,2018,g,2,0,25,1993,35
g115,SIJU,1993,g,20,0,0,1993,35
g115,SIJU,1994,g,1,4,1,1993,35
g115,SIJU,1995,g,1,0,2,1993,35
g115,SIJU,1996,g,0,0,3,1993,35
g115,SIJU,1997,g,0,0,4,1993,35
g115,SIJU,1998,g,0,0,5,1993,35
g115,SIJU,1999,g,1,0,6,1993,35
g115,SIJU,2000,g,0,0,7,1993,35
g115,SIJU,2001,g,1,0,8,1993,35
g115,SIJU,2002,g,0,3,9,1993,35
g115,SIJU,2003,g,0,0,10,1993,35
g115,SIJU,2004,g,0,0,11,1993,35
g115,SIJU,2005,g,0,0,12,1993,35
g115,SIJU,2006,g,0,0,13,1993,35
g115,SIJU,2007,g,2,0,14,1993,35
g115,SIJU,2008,g,0,0,15,1993,35
g115,SIJU,2009,g,0,0,16,1993,35
g115,SIJU,2010,g,0,0,17,1993,35
g115,SIJU,2011,g,0,0,18,1993,35
g115,SIJU,2012,g,0,1,19,1993,35
g115,SIJU,2013,g,0,2,20,1993,35
g115,SIJU,2014,g,0,0,21,1993,35
g115,SIJU,2015,g,0,0,22,1993,35
g115,SIJU,2016,g,0,0,23,1993,35
g115,SIJU,2017,g,0,0,24,1993,35
g115,SIJU,2018,g,2,0,25,1993,35
g116,PLER,2001,g,20,0,0,2001,35
g116,PLER,2002,g,10,4,1,2001,35
g116,PLER,2003,g,20,2,2,2001,35
g116,PLER,2004,g,30,0,3,2001,35
g116,PLER,2005,g,20,0,4,2001,35
g116,PLER,2006,g,10,0,5,2001,35
g116,PLER,2007,g,20,0,6,2001,35
g116,PLER,2008,g,20,0,7,2001,35
g116,PLER,2009,g,30,0,8,2001,35
g116,PLER,2010,g,30,0,9,2001,35
g116,PLER,2011,g,10,0,10,2001,35
g116,PLER,2012,g,10,3,11,2001,35
g116,PLER,2013,g,2,2,12,2001,35
g116,PLER,2014,g,10,0,13,2001,35
g116,PLER,2015,g,20,0,14,2001,35
g116,PLER,2016,g,30,0,15,2001,35
g116,PLER,2017,g,30,0,16,2001,35
g116,PLER,2018,g,2,0,17,2001,35
g116,SIJU,2001,g,10,0,0,2001,35
g116,SIJU,2002,g,5,4,1,2001,35
g116,SIJU,2003,g,5,2,2,2001,35
g116,SIJU,2004,g,0,0,3,2001,35
g116,SIJU,2005,g,0,0,4,2001,35
g116,SIJU,2006,g,0,0,5,2001,35
g116,SIJU,2007,g,0,0,6,2001,35
g116,SIJU,2008,g,0,0,7,2001,35
g116,SIJU,2009,g,0,0,8,2001,35
g116,SIJU,2010,g,0,0,9,2001,35
g116,SIJU,2011,g,0,0,10,2001,35
g116,SIJU,2012,g,0,3,11,2001,35
g116,SIJU,2013,g,0,2,12,2001,35
g116,SIJU,2014,g,0,0,13,2001,35
g116,SIJU,2015,g,0,0,14,2001,35
g116,SIJU,2016,g,0,0,15,2001,35
g116,SIJU,2017,g,0,0,16,2001,35
g116,SIJU,2018,g,5,0,17,2001,35
g117,PLER,1993,g,20,0,0,1993,27
g117,PLER,1994,g,10,4,1,1993,27
g117,PLER,1995,g,20,0,2,1993,27
g117,PLER,1996,g,5,0,3,1993,27
g117,PLER,1997,g,30,0,4,1993,27
g117,PLER,1998,g,30,0,5,1993,27
g117,PLER,1999,g,20,0,6,1993,27
g117,PLER,2000,g,30,0,7,1993,27
g117,PLER,2001,g,30,0,8,1993,27
g117,PLER,2002,g,20,1,9,1993,27
g117,PLER,2003,g,30,0,10,1993,27
g117,PLER,2004,g,40,0,11,1993,27
g117,PLER,2005,g,10,0,12,1993,27
g117,PLER,2006,g,2,0,13,1993,27
g117,PLER,2007,g,5,0,14,1993,27
g117,PLER,2008,g,10,0,15,1993,27
g117,PLER,2009,g,20,0,16,1993,27
g117,PLER,2010,g,20,0,17,1993,27
g117,SIJU,1993,g,20,0,0,1993,27
g117,SIJU,1994,g,0,4,1,1993,27
g117,SIJU,1995,g,2,0,2,1993,27
g117,SIJU,1996,g,5,0,3,1993,27
g117,SIJU,1997,g,0,0,4,1993,27
g117,SIJU,1998,g,10,0,5,1993,27
g117,SIJU,1999,g,20,0,6,1993,27
g117,SIJU,2000,g,20,0,7,1993,27
g117,SIJU,2001,g,20,0,8,1993,27
g117,SIJU,2002,g,0,1,9,1993,27
g117,SIJU,2003,g,0,0,10,1993,27
g117,SIJU,2004,g,0,0,11,1993,27
g117,SIJU,2005,g,0,0,12,1993,27
g117,SIJU,2006,g,0,0,13,1993,27
g117,SIJU,2007,g,0,0,14,1993,27
g117,SIJU,2008,g,0,0,15,1993,27
g117,SIJU,2009,g,0,0,16,1993,27
g117,SIJU,2010,g,0,0,17,1993,27
g123,PLER,2001,g,30,0,0,2001,35
g123,PLER,2002,g,10,4,1,2001,35
g123,PLER,2003,g,30,0,2,2001,35
g123,PLER,2004,g,30,0,3,2001,35
g123,PLER,2005,g,5,0,4,2001,35
g123,PLER,2006,g,2,0,5,2001,35
g123,PLER,2007,g,2,0,6,2001,35
g123,PLER,2008,g,20,2,7,2001,35
g123,PLER,2009,g,20,0,8,2001,35
g123,PLER,2010,g,20,0,9,2001,35
g123,PLER,2011,g,20,0,10,2001,35
g123,PLER,2012,g,10,0,11,2001,35
g123,PLER,2013,g,2,2,12,2001,35
g123,PLER,2014,g,10,0,13,2001,35
g123,PLER,2015,g,10,0,14,2001,35
g123,PLER,2016,g,30,0,15,2001,35
g123,PLER,2017,g,30,0,16,2001,35
g123,PLER,2018,g,2,0,17,2001,35
g123,SIJU,2001,g,10,0,0,2001,35
g123,SIJU,2002,g,1,4,1,2001,35
g123,SIJU,2003,g,0,0,2,2001,35
g123,SIJU,2004,g,0,0,3,2001,35
g123,SIJU,2005,g,0,0,4,2001,35
g123,SIJU,2006,g,20,0,5,2001,35
g123,SIJU,2007,g,0,0,6,2001,35
g123,SIJU,2008,g,0,2,7,2001,35
g123,SIJU,2009,g,0,0,8,2001,35
g123,SIJU,2010,g,5,0,9,2001,35
g123,SIJU,2011,g,0,0,10,2001,35
g123,SIJU,2012,g,0,0,11,2001,35
g123,SIJU,2013,g,0,2,12,2001,35
g123,SIJU,2014,g,0,0,13,2001,35
g123,SIJU,2015,g,0,0,14,2001,35
g123,SIJU,2016,g,0,0,15,2001,35
g123,SIJU,2017,g,0,0,16,2001,35
g123,SIJU,2018,g,2,0,17,2001,35
g124,PLER,2001,g,30,0,0,2001,35
g124,PLER,2002,g,20,4,1,2001,35
g124,PLER,2003,g,30,2,2,2001,35
g124,PLER,2004,g,10,0,3,2001,35
g124,PLER,2005,g,5,0,4,2001,35
g124,PLER,2006,g,2,0,5,2001,35
g124,PLER,2007,g,0,0,6,2001,35
g124,PLER,2008,g,10,3,7,2001,35
g124,PLER,2009,g,20,0,8,2001,35
g124,PLER,2010,g,10,0,9,2001,35
g124,PLER,2011,g,10,0,10,2001,35
g124,PLER,2012,g,10,0,11,2001,35
g124,PLER,2013,g,10,2,12,2001,35
g124,PLER,2014,g,20,0,13,2001,35
g124,PLER,2015,g,20,0,14,2001,35
g124,PLER,2016,g,40,0,15,2001,35
g124,PLER,2017,g,10,0,16,2001,35
g124,PLER,2018,g,2,0,17,2001,35
g124,SIJU,2001,g,20,0,0,2001,35
g124,SIJU,2002,g,0,4,1,2001,35
g124,SIJU,2003,g,20,2,2,2001,35
g124,SIJU,2004,g,20,0,3,2001,35
g124,SIJU,2005,g,20,0,4,2001,35
g124,SIJU,2006,g,30,0,5,2001,35
g124,SIJU,2007,g,20,0,6,2001,35
g124,SIJU,2008,g,10,3,7,2001,35
g124,SIJU,2009,g,10,0,8,2001,35
g124,SIJU,2010,g,5,0,9,2001,35
g124,SIJU,2011,g,0,0,10,2001,35
g124,SIJU,2012,g,0,0,11,2001,35
g124,SIJU,2013,g,0,2,12,2001,35
g124,SIJU,2014,g,0,0,13,2001,35
g124,SIJU,2015,g,0,0,14,2001,35
g124,SIJU,2016,g,0,0,15,2001,35
g124,SIJU,2017,g,5,0,16,2001,35
g124,SIJU,2018,g,10,0,17,2001,35
g203,PLER,1985,g,10,4,0,1985,17
g203,PLER,1986,g,20,4,1,1985,17
g203,PLER,1987,g,60,0,2,1985,17
g203,PLER,1988,g,60,2,3,1985,17
g203,PLER,1989,g,40,2,4,1985,17
g203,PLER,1990,g,60,0,5,1985,17
g203,PLER,1991,g,10,3,6,1985,17
g203,PLER,1992,g,5,0,7,1985,17
g203,PLER,1993,g,2,0,8,1985,17
g203,PLER,1994,g,5,0,9,1985,17
g203,PLER,1995,g,2,0,10,1985,17
g203,PLER,1996,g,2,0,11,1985,17
g203,PLER,1997,g,2,0,12,1985,17
g203,PLER,1998,g,20,0,13,1985,17
g203,PLER,1999,g,10,3,14,1985,17
g203,PLER,2000,g,40,0,15,1985,17
g203,SIJU,1985,g,5,4,0,1985,17
g203,SIJU,1986,g,0,4,1,1985,17
g203,SIJU,1987,g,0,0,2,1985,17
g203,SIJU,1988,g,0,2,3,1985,17
g203,SIJU,1989,g,0,2,4,1985,17
g203,SIJU,1990,g,0,0,5,1985,17
g203,SIJU,1991,g,0,3,6,1985,17
g203,SIJU,1992,g,0,0,7,1985,17
g203,SIJU,1993,g,0,0,8,1985,17
g203,SIJU,1994,g,10,0,9,1985,17
g203,SIJU,1995,g,25,0,10,1985,17
g203,SIJU,1996,g,40,0,11,1985,17
g203,SIJU,1997,g,40,0,12,1985,17
g203,SIJU,1998,g,50,0,13,1985,17
g203,SIJU,1999,g,0,3,14,1985,17
g203,SIJU,2000,g,0,0,15,1985,17
g216,PLER,1984,g,20,0,0,1984,17
g216,PLER,1985,g,20,4,1,1984,17
g216,PLER,1986,g,10,2,2,1984,17
g216,PLER,1987,g,30,1,3,1984,17
g216,PLER,1988,g,60,0,4,1984,17
g216,PLER,1989,g,40,0,5,1984,17
g216,PLER,1990,g,50,0,6,1984,17
g216,PLER,1991,g,10,1,7,1984,17
g216,PLER,1992,g,5,0,8,1984,17
g216,PLER,1993,g,2,0,9,1984,17
g216,PLER,1994,g,2,0,10,1984,17
g216,PLER,1995,g,2,0,11,1984,17
g216,PLER,1996,g,2,2,12,1984,17
g216,PLER,1997,g,30,0,13,1984,17
g216,PLER,1998,g,50,0,14,1984,17
g216,PLER,1999,g,30,0,15,1984,17
g216,PLER,2000,g,40,0,16,1984,17
g216,PLER,2006,g,5,0,0,2006,35
g216,PLER,2007,g,0,4,1,2006,35
g216,PLER,2008,g,10,3,2,2006,35
g216,PLER,2009,g,20,0,3,2006,35
g216,PLER,2010,g,20,2,4,2006,35
g216,PLER,2011,g,10,0,5,2006,35
g216,PLER,2012,g,20,2,6,2006,35
g216,PLER,2013,g,20,0,7,2006,35
g216,PLER,2014,g,20,0,8,2006,35
g216,PLER,2015,g,30,0,9,2006,35
g216,PLER,2016,g,30,2,10,2006,35
g216,PLER,2017,g,20,0,11,2006,35
g216,PLER,2018,g,5,0,12,2006,35
g216,SIJU,1984,g,5,0,0,1984,17
g216,SIJU,1985,g,5,4,1,1984,17
g216,SIJU,1986,g,2,2,2,1984,17
g216,SIJU,1987,g,0,1,3,1984,17
g216,SIJU,1988,g,1,0,4,1984,17
g216,SIJU,1989,g,10,0,5,1984,17
g216,SIJU,1990,g,10,0,6,1984,17
g216,SIJU,1991,g,20,1,7,1984,17
g216,SIJU,1992,g,20,0,8,1984,17
g216,SIJU,1993,g,20,0,9,1984,17
g216,SIJU,1994,g,20,0,10,1984,17
g216,SIJU,1995,g,20,0,11,1984,17
g216,SIJU,1996,g,20,2,12,1984,17
g216,SIJU,1997,g,20,0,13,1984,17
g216,SIJU,1998,g,10,0,14,1984,17
g216,SIJU,1999,g,5,0,15,1984,17
g216,SIJU,2000,g,2,0,16,1984,17
g216,SIJU,2006,g,10,0,0,2006,35
g216,SIJU,2007,g,5,4,1,2006,35
g216,SIJU,2008,g,5,3,2,2006,35
g216,SIJU,2009,g,10,0,3,2006,35
g216,SIJU,2010,g,0,2,4,2006,35
g216,SIJU,2011,g,0,0,5,2006,35
g216,SIJU,2012,g,0,2,6,2006,35
g216,SIJU,2013,g,0,0,7,2006,35
g216,SIJU,2014,g,1,0,8,2006,35
g216,SIJU,2015,g,0,0,9,2006,35
g216,SIJU,2016,g,1,2,10,2006,35
g216,SIJU,2017,g,0,0,11,2006,35
g216,SIJU,2018,g,0,0,12,2006,35
g307,PLER,1993,g,20,0,0,1993,24
g307,PLER,1994,g,10,4,1,1993,24
g307,PLER,1995,g,10,0,2,1993,24
g307,PLER,1996,g,10,0,3,1993,24
g307,PLER,1997,g,10,0,4,1993,24
g307,PLER,1998,g,20,0,5,1993,24
g307,PLER,1999,g,10,0,6,1993,24
g307,PLER,2000,g,20,0,7,1993,24
g307,PLER,2001,g,10,0,8,1993,24
g307,PLER,2002,g,10,0,9,1993,24
g307,PLER,2003,g,10,0,10,1993,24
g307,PLER,2004,g,10,0,11,1993,24
g307,PLER,2005,g,10,0,12,1993,24
g307,PLER,2006,g,10,0,13,1993,24
g307,PLER,2007,g,5,2,14,1993,24
g307,SIJU,1993,g,20,0,0,1993,24
g307,SIJU,1994,g,0,4,1,1993,24
g307,SIJU,1995,g,2,0,2,1993,24
g307,SIJU,1996,g,2,0,3,1993,24
g307,SIJU,1997,g,5,0,4,1993,24
g307,SIJU,1998,g,20,0,5,1993,24
g307,SIJU,1999,g,10,0,6,1993,24
g307,SIJU,2000,g,10,0,7,1993,24
g307,SIJU,2001,g,10,0,8,1993,24
g307,SIJU,2002,g,10,0,9,1993,24
g307,SIJU,2003,g,10,0,10,1993,24
g307,SIJU,2004,g,10,0,11,1993,24
g307,SIJU,2005,g,0,0,12,1993,24
g307,SIJU,2006,g,0,0,13,1993,24
g307,SIJU,2007,g,5,2,14,1993,24
g313,PLER,1993,g,20,0,0,1993,24
g313,PLER,1994,g,10,4,1,1993,24
g313,PLER,1995,g,5,0,2,1993,24
g313,PLER,1996,g,2,0,3,1993,24
g313,PLER,1997,g,2,0,4,1993,24
g313,PLER,1998,g,10,0,5,1993,24
g313,PLER,1999,g,10,0,6,1993,24
g313,PLER,2000,g,40,0,7,1993,24
g313,PLER,2001,g,10,1,8,1993,24
g313,PLER,2002,g,10,0,9,1993,24
g313,PLER,2003,g,10,0,10,1993,24
g313,PLER,2004,g,10,0,11,1993,24
g313,PLER,2005,g,10,0,12,1993,24
g313,PLER,2006,g,5,0,13,1993,24
g313,PLER,2007,g,5,0,14,1993,24
g313,SIJU,1993,g,5,0,0,1993,24
g313,SIJU,1994,g,0,4,1,1993,24
g313,SIJU,1995,g,1,0,2,1993,24
g313,SIJU,1996,g,2,0,3,1993,24
g313,SIJU,1997,g,0,0,4,1993,24
g313,SIJU,1998,g,0,0,5,1993,24
g313,SIJU,1999,g,0,0,6,1993,24
g313,SIJU,2000,g,0,0,7,1993,24
g313,SIJU,2001,g,0,1,8,1993,24
g313,SIJU,2002,g,0,0,9,1993,24
g313,SIJU,2003,g,0,0,10,1993,24
g313,SIJU,2004,g,0,0,11,1993,24
g313,SIJU,2005,g,0,0,12,1993,24
g313,SIJU,2006,g,0,0,13,1993,24
g313,SIJU,2007,g,0,0,14,1993,24
g321,PLER,1993,g,5,0,0,1993,21
g321,PLER,1994,g,5,4,1,1993,21
g321,PLER,1995,g,5,3,2,1993,21
g321,PLER,1996,g,20,0,3,1993,21
g321,PLER,1997,g,30,0,4,1993,21
g321,PLER,1998,g,30,0,5,1993,21
g321,PLER,1999,g,30,0,6,1993,21
g321,PLER,2000,g,30,0,7,1993,21
g321,PLER,2001,g,30,2,8,1993,21
g321,PLER,2002,g,20,0,9,1993,21
g321,PLER,2003,g,20,0,10,1993,21
g321,PLER,2004,g,10,0,11,1993,21
g321,SIJU,1993,g,5,0,0,1993,21
g321,SIJU,1994,g,0,4,1,1993,21
g321,SIJU,1995,g,0,3,2,1993,21
g321,SIJU,1996,g,0,0,3,1993,21
g321,SIJU,1997,g,5,0,4,1993,21
g321,SIJU,1998,g,5,0,5,1993,21
g321,SIJU,1999,g,5,0,6,1993,21
g321,SIJU,2000,g,0,0,7,1993,21
g321,SIJU,2001,g,0,2,8,1993,21
g321,SIJU,2002,g,0,0,9,1993,21
g321,SIJU,2003,g,0,0,10,1993,21
g321,SIJU,2004,g,0,0,11,1993,21
r203,PLER,2003,r,20,3,0,2003,35
r203,PLER,2004,r,30,4,1,2003,35
r203,PLER,2005,r,20,1,2,2003,35
r203,PLER,2006,r,2,0,3,2003,35
r203,PLER,2007,r,5,1,4,2003,35
r203,PLER,2008,r,10,1,5,2003,35
r203,PLER,2009,r,20,1,6,2003,35
r203,PLER,2010,r,40,0,7,2003,35
r203,PLER,2011,r,30,2,8,2003,35
r203,PLER,2012,r,30,2,9,2003,35
r203,PLER,2013,r,5,3,10,2003,35
r203,PLER,2014,r,20,0,11,2003,35
r203,PLER,2015,r,20,0,12,2003,35
r203,PLER,2016,r,30,0,13,2003,35
r203,PLER,2017,r,20,0,14,2003,35
r203,PLER,2018,r,2,0,15,2003,35
r203,SIJU,2003,r,20,3,0,2003,35
r203,SIJU,2004,r,5,4,1,2003,35
r203,SIJU,2005,r,5,1,2,2003,35
r203,SIJU,2006,r,5,0,3,2003,35
r203,SIJU,2007,r,10,1,4,2003,35
r203,SIJU,2008,r,10,1,5,2003,35
r203,SIJU,2009,r,5,1,6,2003,35
r203,SIJU,2010,r,0,0,7,2003,35
r203,SIJU,2011,r,0,2,8,2003,35
r203,SIJU,2012,r,0,2,9,2003,35
r203,SIJU,2013,r,0,3,10,2003,35
r203,SIJU,2014,r,0,0,11,2003,35
r203,SIJU,2015,r,0,0,12,2003,35
r203,SIJU,2016,r,0,0,13,2003,35
r203,SIJU,2017,r,0,0,14,2003,35
r203,SIJU,2018,r,0,0,15,2003,35
r209,PLER,2003,r,30,2,0,2003,30
r209,PLER,2004,r,20,4,1,2003,30
r209,PLER,2005,r,30,0,2,2003,30
r209,PLER,2006,r,2,0,3,2003,30
r209,PLER,2007,r,5,1,4,2003,30
r209,PLER,2008,r,10,2,5,2003,30
r209,PLER,2009,r,30,1,6,2003,30
r209,PLER,2010,r,30,0,7,2003,30
r209,PLER,2011,r,20,2,8,2003,30
r209,PLER,2012,r,30,3,9,2003,30
r209,PLER,2013,r,10,1,10,2003,30
r209,SIJU,2003,r,10,2,0,2003,30
r209,SIJU,2004,r,0,4,1,2003,30
r209,SIJU,2005,r,0,0,2,2003,30
r209,SIJU,2006,r,0,0,3,2003,30
r209,SIJU,2007,r,0,1,4,2003,30
r209,SIJU,2008,r,0,2,5,2003,30
r209,SIJU,2009,r,0,1,6,2003,30
r209,SIJU,2010,r,0,0,7,2003,30
r209,SIJU,2011,r,0,2,8,2003,30
r209,SIJU,2012,r,0,3,9,2003,30
r209,SIJU,2013,r,0,1,10,2003,30
r211,PLER,1985,r,10,0,0,1985,18
r211,PLER,1986,r,30,4,1,1985,18
r211,PLER,1987,r,20,2,2,1985,18
r211,PLER,1988,r,80,0,3,1985,18
r211,PLER,1989,r,20,2,4,1985,18
r211,PLER,1990,r,50,0,5,1985,18
r211,PLER,1991,r,2,0,6,1985,18
r211,PLER,1992,r,2,0,7,1985,18
r211,PLER,1993,r,2,0,8,1985,18
r211,PLER,1994,r,5,1,9,1985,18
r211,PLER,1995,r,5,0,10,1985,18
r211,PLER,1996,r,5,0,11,1985,18
r211,PLER,1997,r,10,0,12,1985,18
r211,PLER,1998,r,30,0,13,1985,18
r211,PLER,1999,r,30,0,14,1985,18
r211,PLER,2000,r,40,0,15,1985,18
r211,PLER,2001,r,30,2,16,1985,18
r211,SIJU,1985,r,10,0,0,1985,18
r211,SIJU,1986,r,1,4,1,1985,18
r211,SIJU,1987,r,0,2,2,1985,18
r211,SIJU,1988,r,0,0,3,1985,18
r211,SIJU,1989,r,0,2,4,1985,18
r211,SIJU,1990,r,0,0,5,1985,18
r211,SIJU,1991,r,0,0,6,1985,18
r211,SIJU,1992,r,0,0,7,1985,18
r211,SIJU,1993,r,1,0,8,1985,18
r211,SIJU,1994,r,0,1,9,1985,18
r211,SIJU,1995,r,5,0,10,1985,18
r211,SIJU,1996,r,0,0,11,1985,18
r211,SIJU,1997,r,5,0,12,1985,18
r211,SIJU,1998,r,10,0,13,1985,18
r211,SIJU,1999,r,10,0,14,1985,18
r211,SIJU,2000,r,10,0,15,1985,18
r211,SIJU,2001,r,10,2,16,1985,18
r216,PLER,1998,r,40,0,0,1998,26
r216,PLER,1999,r,5,4,1,1998,26
r216,PLER,2000,r,10,2,2,1998,26
r216,PLER,2001,r,20,0,3,1998,26
r216,PLER,2002,r,30,0,4,1998,26
r216,PLER,2003,r,10,2,5,1998,26
r216,PLER,2004,r,5,3,6,1998,26
r216,PLER,2005,r,10,3,7,1998,26
r216,PLER,2006,r,2,3,8,1998,26
r216,PLER,2007,r,5,3,9,1998,26
r216,PLER,2008,r,10,2,10,1998,26
r216,PLER,2009,r,30,0,11,1998,26
r216,SIJU,1998,r,10,0,0,1998,26
r216,SIJU,1999,r,2,4,1,1998,26
r216,SIJU,2000,r,0,2,2,1998,26
r216,SIJU,2001,r,10,0,3,1998,26
r216,SIJU,2002,r,20,0,4,1998,26
r216,SIJU,2003,r,5,2,5,1998,26
r216,SIJU,2004,r,0,3,6,1998,26
r216,SIJU,2005,r,0,3,7,1998,26
r216,SIJU,2006,r,0,3,8,1998,26
r216,SIJU,2007,r,0,3,9,1998,26
r216,SIJU,2008,r,0,2,10,1998,26
r216,SIJU,2009,r,0,0,11,1998,26
r223,PLER,1985,r,20,4,0,1985,18
r223,PLER,1986,r,20,4,1,1985,18
r223,PLER,1987,r,20,0,2,1985,18
r223,PLER,1988,r,20,1,3,1985,18
r223,PLER,1989,r,30,2,4,1985,18
r223,PLER,1990,r,20,0,5,1985,18
r223,PLER,1991,r,2,3,6,1985,18
r223,PLER,1992,r,2,0,7,1985,18
r223,PLER,1993,r,2,0,8,1985,18
r223,PLER,1994,r,5,0,9,1985,18
r223,PLER,1995,r,2,0,10,1985,18
r223,PLER,1996,r,2,0,11,1985,18
r223,PLER,1997,r,5,0,12,1985,18
r223,PLER,1998,r,30,0,13,1985,18
r223,PLER,1999,r,20,0,14,1985,18
r223,PLER,2000,r,40,0,15,1985,18
r223,PLER,2001,r,30,0,16,1985,18
r223,SIJU,1985,r,5,4,0,1985,18
r223,SIJU,1986,r,1,4,1,1985,18
r223,SIJU,1987,r,5,0,2,1985,18
r223,SIJU,1988,r,0,1,3,1985,18
r223,SIJU,1989,r,0,2,4,1985,18
r223,SIJU,1990,r,0,0,5,1985,18
r223,SIJU,1991,r,0,3,6,1985,18
r223,SIJU,1992,r,0,0,7,1985,18
r223,SIJU,1993,r,0,0,8,1985,18
r223,SIJU,1994,r,1,0,9,1985,18
r223,SIJU,1995,r,1,0,10,1985,18
r223,SIJU,1996,r,20,0,11,1985,18
r223,SIJU,1997,r,10,0,12,1985,18
r223,SIJU,1998,r,10,0,13,1985,18
r223,SIJU,1999,r,10,0,14,1985,18
r223,SIJU,2000,r,0,0,15,1985,18
r223,SIJU,2001,r,0,0,16,1985,18